키워드;검색량
데일리 원피스;20
여름 원피스;1300
여름 뮬;30
골프 원피스;90
여름 슬리퍼;320
데일리 샌들;10
여름 샌들;880
결혼식 하객 원피스;10
데일리 운동화;30
여름 운동화;590
여름 블라우스;480
여름 런닝화;20
여름 앞치마;260
결혼식 하객 운동화;30
여름 바람막이;590
데일리 스니커즈;30
골프 바람막이;210
결혼 시계;20
여름 장화;90
여름 스니커즈;110
여름 티셔츠;320
데일리 바지;30
골프 티셔츠;880
데일리 구두;30
부모님 시계;20
골프 거리측정기;1600
여름 셔츠;720
여름 바지;880
여름 구두;170
오피스 원피스;20
골프 아이언;260
골프 셔츠;90
여름 로퍼;110
골프 바지;590
하객 원피스;390
러닝 샌들;50
여름 슬랙스;480
골프 드라이버;880
등산 샌들;110
장례식 운동화;210
결혼식 하객 셔츠;20
비치 원피스;110
요가 바지;480
면접 원피스;30
결혼식 하객 구두;20
골프 퍼터;480
등산 운동화;90
휴양지 원피스;260
엄마 시계;20
비치 샌들;110
스트릿 원피스;20
면접 샌들;20
아빠 시계;260
비치 수영복;40
헬스 운동화;390
오피스 블라우스;20
면접 백팩;20
하객 블라우스;20
등산 바람막이;140
결혼 목걸이;110
면접 운동화;170
헬스 런닝화;20
공항 캐리어;140
면접 블라우스;110
장례식 셔츠;140
장례식 바지;90
등산 티셔츠;40
장례식 구두;170
소개팅 원피스;110
스트릿 운동화;20
페미닌 원피스;20
결혼 반지;4400
러닝 우비;30
러닝 바지;480
